Staffel,Thema,Begegnung,Erstellt am,Letzter post am,Posts,Views,Unterschiedliche Autoren,Likes,Wörter,Wähler gesamt

1,Beste Story,Finale,2019-02-28T04:43:09.978Z,2019-03-07T11:07:25.568Z,7,850,6,8,354,29,BioShock,12,Planescape: Torment,17
1,Beste Story,Halbfinale,2019-02-21T05:42:19.741Z,2019-02-24T21:44:50.955Z,15,1107,9,22,961,23,Persona 5,8,Planescape: Torment,15
1,Beste Story,Halbfinale,2019-02-14T07:23:53.147Z,2019-02-21T08:51:48.842Z,21,1127,13,19,1089,30,BioShock,18,The Last of Us,12
1,Beste Story,Viertelfinale,2019-01-30T23:07:46.507Z,2019-02-06T17:11:17.225Z,14,1115,8,15,767,21,Planescape: Torment,12,Grim Fandango,9
1,Beste Story,Viertelfinale,2019-01-24T02:19:47.482Z,2019-02-01T16:40:27.055Z,37,1392,15,40,2381,33,GTA IV,14,The Last of Us,19
1,Beste Story,Viertelfinale,2019-01-17T04:00:47.684Z,2019-01-26T19:47:02.644Z,14,916,7,15,842,32,The Walking Dead,16,Persona 5,16
1,Beste Story,Viertelfinale,2019-01-12T11:46:23.412Z,2019-01-24T21:22:21.786Z,39,2106,19,43,2118,42,BioShock,21,Knights of the Old Republic,21
1,Beste Story,Welches Spiel haben wir vergessen?,2019-01-14T19:44:28.628Z,2019-02-12T10:26:01.869Z,38,1552,18,34,2058,17,The Legend of Zelda: Majora’s Mask,0,Ico,0,Deus Ex,4,The Banner Saga,5,The Last Guardian,0,Shadow of the Colossus,2,Wing Commander 2,1,The Beginner’s Guide,1,SOMA,4,Final Fantasy VI,3,Chrono Trigger,3,Life is Strange,6,What Remains of Edith Finch,9,Her Story,2,Cognition - An Erica Reed Thriller,1,KOTOR 2,0,Blackwell Unbound,1,The Witcher 3 Hearts of Stone,5,The Stanley Parable,3,Baldur’s Gate II,1,Breath of Fire II,0,The Legend of Zelda: Link’s Awakening,0,Vampire: the Masquerade - Bloodlines,4,Warcraft III,1,The sexy Brütal,1,Gone Home,1,Gothic 1,2
2,Bester zweiter Teil,Finale,2019-05-23T06:28:45.140Z,2019-11-07T12:55:56.379Z,36,2371,9,94,1393,44,Day of the Tentacle,19,Gothic 2,25
2,Bester zweiter Teil,Halbfinale,2019-05-16T03:31:24.449Z,2019-05-22T07:12:56.602Z,16,1198,8,33,531,46,Anstoss 2,19,Day of the Tentacle,27
2,Bester zweiter Teil,Halbfinale,2019-04-18T13:29:28.022Z,2019-04-25T19:00:35.156Z,131,3232,14,224,4944,53,Gothic 2,31,Sim City 2000,22
2,Bester zweiter Teil,Viertelfinale,2019-03-28T06:29:28.502Z,2019-08-02T09:06:44.922Z,80,2538,23,138,2515,56,Mass Effect 2,29,Sim City 2000,27
2,Bester zweiter Teil,Viertelfinale,2019-04-11T07:33:47.531Z,2019-04-20T22:14:18.662Z,31,1885,16,61,1563,46,Anstoss 2,30,Red Dead Redemption,16
2,Bester zweiter Teil,Viertelfinale,2019-04-04T04:40:20.955Z,2019-04-07T16:54:37.401Z,28,1184,13,36,697,41,Day of the Tentacle,33,XCOM 2,8
2,Bester zweiter Teil,Viertelfinale,2019-03-21T05:09:07.856Z,2019-04-07T16:49:59.828Z,36,1369,14,39,2426,39,Gothic 2,27,Uncharted 2,12
2,Bester zweiter Teil,Indie-Edition: Nidhogg 2 vs Thirty Flights of Loving,2019-06-14T07:47:25.355Z,2019-06-25T05:05:03.093Z,11,681,6,20,344,28,Nidhogg 2,15,Thirty Flights of Loving,13
2,Bester zweiter Teil,Welches Spiel aus dieser Staffel habt ihr zuletzt gespielt?,2019-04-24T15:48:26.635Z,2019-05-16T04:59:29.064Z,14,750,10,14,736,29,SimCity 2000,2,Gothic 2,8,Day of the Tentacle,15,Red Dead Redemption,7,Anstoss 2,0,Mass Effect 2,8,X-COM 2,11,Uncharted 2,4
3,Überschätztestes Spiel,Finale,2019-07-07T08:58:13.743Z,2019-09-27T09:52:04.632Z,32,1952,17,87,1743,68,Zelda: Breath of the Wild,22,Red Dead Redemption 2,46
3,Überschätztestes Spiel,Halbfinale,2019-07-02T19:48:24.932Z,2019-07-07T08:46:13.519Z,182,2511,19,298,10953,55,Journey,22,Red Dead Redemption 2,33
3,Überschätztestes Spiel,Halbfinale,2019-07-02T19:48:24.932Z,2019-07-07T08:46:13.519Z,182,2511,19,298,10953,55,Zelda: Breath of the Wild,31,Dragon Age: Inquisition,24
3,Überschätztestes Spiel,Viertelfinale,2019-06-13T04:32:53.948Z,2019-08-06T13:21:34.808Z,91,2533,24,133,3314,65,Dragon Age: Inquisition,33,Fallout 3,32
3,Überschätztestes Spiel,Viertelfinale,2019-06-28T06:25:09.643Z,2019-07-02T17:32:50.549Z,57,2233,18,107,2589,47,Skyrim,19,Red Dead Redemption 2,28
3,Überschätztestes Spiel,Viertelfinale,2019-06-20T05:49:15.626Z,2019-07-02T08:53:04.748Z,35,1106,17,67,1800,57,Journey,37,Spec Ops: The Line,20
3,Überschätztestes Spiel,Viertelfinale,2019-06-06T05:43:06.122Z,2019-06-18T14:08:07.771Z,50,2506,21,80,2116,50,The Witness,18,Zelda: Breath of the Wild,32
3,Überschätztestes Spiel,Community Wildcard,2019-06-06T05:56:19.946Z,2019-06-21T13:36:39.702Z,36,1644,15,57,1332,70,Skyrim,27,Life is Strange,6,The Last of Us,10,Ultima VII,3,Diablo 3,10,Persona 4,0,Divinity: Original Sin 2,5,Sonic Mania,2,Baldur’s Gate 2,0,Secret of Mana,2,Planescape Torment,3,Gothic 2,10,Undertale,8,Deus Ex,4,Resident Evil 1,0,Elite (1984),1,Myst,4,Kick Off 2,1,Half-Life 2,12,What Remains of Edith Finch,4,Heavy Rain,7,Metal Gear Solid,6,Fortnite,8,Dwarf Fortress,3,World of Warcraft,3,Mass Effect 2,4,Crysis,7,Dark Souls,16,A Way Out,1,Brothers,0,Dear Esther,3,Dungeon Keeper,3,Duke Nukem 3D,3,Red Dead Redemption 2,18,Modern Warfare 2,3
4,Bestes Spielejahr,Finale,2019-09-05T04:53:19.402Z,2021-01-14T07:51:55.561Z,140,3526,14,435,7096,56,1992,22,1998,34
4,Bestes Spielejahr,Halbfinale,2019-08-29T08:13:53.962Z,2019-09-12T07:00:06.287Z,61,2581,14,182,2846,45,1992,26,2000,19
4,Bestes Spielejahr,Halbfinale,2019-08-29T08:13:53.962Z,2019-09-12T07:00:06.287Z,61,2581,14,182,2846,47,1996,13,1998,34
4,Bestes Spielejahr,Viertelfinale,2019-08-08T05:02:17.831Z,2019-08-21T16:01:34.826Z,156,2584,24,318,8965,54,2000,31,2003,23
4,Bestes Spielejahr,Viertelfinale,2019-07-18T04:02:28.159Z,2019-08-21T05:59:22.174Z,359,4270,23,791,15322,62,1996,43,1984,19
4,Bestes Spielejahr,Viertelfinale,2019-08-01T05:53:37.021Z,2019-08-08T18:21:55.374Z,118,3017,23,321,7543,56,1992,30,2001,26
4,Bestes Spielejahr,Viertelfinale,2019-07-25T05:28:49.921Z,2019-08-01T19:03:13.655Z,211,3848,32,528,12072,68,1998,34,2007,34
4,Bestes Spielejahr,Community Wildcards,2019-07-18T06:38:08.630Z,2019-07-25T17:10:41.113Z,82,1848,19,138,4534,48,"1997 (Monkey Island 3, Fallout, AoE, Incubation)",5,"2017 (Persona 5, Horizon Zero Dawn, Hollow Knight, BotW, Cuphead)",11,"2013 (Geburt der modernenen Indie-Welle, GTA V, The Last of US)",7,"1989 (Sim City, DuckTales, Prince of Persia)",2,"1993 (Doom, DotT, Anstoss, Die Siedler, Under a Killing Moon)",4,"1994 (System Shock, Wing Commander 3, Transport Tycoon, Sim City 2000)",4,"1991 (Civilization, Monkey Island 2, Lemmings)",6,"2000 (Sims, Baldurs Gate 2, Diablo 2, Deus Ex, Counter-Strike)",15,"2004 (WoW, HL2, Vampire: The Masquerade, Halo 2, SW Battlefront, KotoR 2 …)",8,"2015 (The Witcher 3, Ori, Starcraft 2 LotV, Cities: Skylines, Bloodborne)",13,"1999 (GT2, FF8, UT, Tony Hawk, C&C3, Dungeon Keeper 2, Planescape Torment)",12,"1995 (Yoshi’s Island, Chrono Trigger, Terranigma, Rayman)",4,"2002 (Battlefield 1942, Baphomets Fluch, Morrowind, Mafia, WC3)",4,"2016 (Firewatch, Inside, Azu, Superhot, Oxenfree, Pony Island, No Man’s Sky, Layers of Fear)",4,"2003 (Max Payne 3, C&C Generals, Freelancer, Eve Online, GTA VC, KotoR, XIII, Jedi Academy, Beyond Good & Evil)",14
5,Bestes Spiel des Jahrzehnts,Finale,2020-01-10T07:12:08.728Z,2020-02-13T19:55:37.415Z,552,7579,32,1414,23143,116,Fallout: New Vegas,46,The Witcher 3,70
5,Bestes Spiel des Jahrzehnts,Halbfinale,2019-12-28T08:48:19.040Z,2020-03-12T17:55:41.830Z,257,3052,31,396,15351,79,The Witcher 3,48,Minecraft,31
5,Bestes Spiel des Jahrzehnts,Halbfinale,2019-12-28T08:48:19.040Z,2020-03-12T17:55:41.830Z,257,3052,31,396,15351,79,Fallout: New Vegas,43,Cities: Skylines,36
5,Bestes Spiel des Jahrzehnts,Viertelfinale,2019-12-11T07:37:20.671Z,2019-12-15T10:06:31.191Z,153,1989,28,264,3693,94,Cities: Skylines,49,The Last of Us,45
5,Bestes Spiel des Jahrzehnts,Viertelfinale,2019-12-13T08:17:04.425Z,2019-12-14T16:44:09.513Z,68,1372,21,93,3162,78,Minecraft,44,Darkest Dungeon,34
5,Bestes Spiel des Jahrzehnts,Viertelfinale,2019-12-12T07:46:47.033Z,2019-12-13T08:43:51.336Z,92,1470,19,151,4069,81,"Papers, Please",26,The Witcher 3,55
5,Bestes Spiel des Jahrzehnts,Viertelfinale,2019-12-10T07:01:42.228Z,2019-12-11T18:31:41.363Z,130,2001,27,259,4649,73,Frostpunk,32,Fallout: New Vegas,41
5,Bestes Spiel des Jahrzehnts,Achtelfinale,2019-11-16T14:52:47.041Z,2019-12-09T16:40:46.952Z,248,4071,32,502,11135,84,The Witcher 3,61,PUBG,23
5,Bestes Spiel des Jahrzehnts,Achtelfinale,2019-10-18T04:19:32.064Z,2019-11-30T01:44:36.187Z,356,5462,29,680,18143,79,Fallout: New Vegas,44,Rocket League,35
5,Bestes Spiel des Jahrzehnts,Achtelfinale,2019-11-07T05:35:25.846Z,2019-11-15T08:40:41.938Z,167,2769,33,346,9165,95,"Papers, Please",60,Hollow Knight,35
5,Bestes Spiel des Jahrzehnts,Achtelfinale,2019-10-25T05:31:33.097Z,2019-11-09T11:02:47.749Z,212,3637,26,450,8448,73,Cities: Skylines,37,Banner Saga,36
5,Bestes Spiel des Jahrzehnts,Achtelfinale,2019-10-31T05:30:39.783Z,2019-11-08T06:56:02.577Z,250,4314,35,402,11899,95,Dota 2,37,The Last of Us,58
5,Bestes Spiel des Jahrzehnts,Achtelfinale,2019-10-10T04:32:06.900Z,2020-01-16T12:24:50.978Z,107,2186,27,282,5431,76,Kentucky Route Zero,32,Frostpunk,44
5,Bestes Spiel des Jahrzehnts,Achtelfinale,2019-11-21T05:12:55.380Z,2021-09-04T07:08:11.706Z,864,9000,44,2278,30696,103,Minecraft,51,Crusader Kings 2,52
5,Bestes Spiel des Jahrzehnts,Achtelfinale,2019-11-28T06:43:14.315Z,2020-07-08T19:42:25.559Z,92,2192,29,227,2395,85,Darkest Dungeon,41,Darkest Dungeon,44
5,Bestes Spiel des Jahrzehnts,Community Picks,2019-10-10T04:28:49.207Z,2019-10-23T17:34:13.199Z,395,3923,40,792,16181,80,Minecraft,19,Mini Metro,2,Motorsport Manager,0,Mount &Blade Warband,4,Nier,1,Ori and the Blind Forrest,2,Orwell,1,Outer Wilds,2,P.T.,1,"Papers, Please",0,Path of Exile,2,Pathologic 2,0,Payday 2,0,Persona 5,3,Pillars of Eternity,3,Pokemon Go,1,Portal 2,7,Prison architect,2,Pyre,1,Queers in Love at the End of the World,0,Rakuen,1,Red Dead Redemption II,5,Ridiculous Fishing,0,Rimworld,2,Saints Row 4,1,Sekiro,2,Shadow Tactics,2,Shenzhen I/O,0,Shovel Knight,1,Singularity,1,Skyrim,18,SOMA,0,Southpark: Stick of Truth,2,Spec Ops: The Line,0,Stellaris,1,Super Mario Galaxy 2,2,Super Mario Odyssey,1,Tales from the Borderlands,1,The Banner Saga,1,The Beginner’s Guide,2,The Binding of Isaac,2,The Cat Lady,1,The End is Nigh,0,The Last of Us,19,The Messenger,0,The Stanley Parable,3,The Walking Dead,0,The Witness,1,The Wolf Among Us,0,Thimbleweed Park,0,Threes,0,THUMPER,0,TitanFall 2,0,To the Moon,2,Torment Tides of Numnera,0,Total War - Shogun 2,1,Towerfall Ascension,0,Transistor,0,Uncharted,0,Uncharted 4,5,Undertale,1,Untitled Goose Game,1,Virginia,0,What Remains of Edith Finch,8,XCOM,2,XCOM 2,8,xenoblade chronicals 2,1
5,Bestes Spiel des Jahrzehnts,Stichwahl zur Abstimmung über das Abtimmungsprozedere bezüglich der Community-Picks,2019-10-07T06:27:38.461Z,2019-10-09T11:26:05.816Z,95,1437,19,206,3891,37,Gerald Köhler bestimmt die vier Titel (aus der Liste),17,"Normale Abstimmung, jeder hat vier Stimmen",20
6,Beste Designerin,Finale,2020-04-17T19:42:11.994Z,2020-12-14T15:56:32.627Z,11,870,8,22,448,52,Danielle Bunten,32,Brenda Romero,20
6,Beste Designerin,Halbfinale,2020-04-17T17:58:02.335Z,2020-04-18T21:32:22.511Z,50,1056,18,199,1182,33,Brenda Romero,22,Amy Hennig,11
6,Beste Designerin,Halbfinale,2020-04-17T17:58:02.335Z,2020-04-18T21:32:22.511Z,50,1056,18,199,1182,34,Danielle Bunten,18,Roberta Williams,16
6,Beste Designerin,Viertelfinale,2020-04-10T09:04:59.092Z,2020-04-19T11:34:48.290Z,78,1701,18,119,4720,52,Roberta Williams,39,Jade Raymond,13
6,Beste Designerin,Viertelfinale,2020-03-27T16:59:30.822Z,2020-04-09T13:41:50.987Z,67,1502,22,166,2928,65,Danielle Bunten,32,Kim Swift,33
6,Beste Designerin,Viertelfinale,2020-03-19T07:41:40.150Z,2020-03-27T19:33:27.356Z,18,612,11,59,496,49,Brenda Romero,37,Aya Kyogoku,12
6,Beste Designerin,Viertelfinale,2020-03-13T06:46:32.570Z,2020-03-21T00:12:54.215Z,98,1711,25,216,3852,57,Kellee Santiago,24,Amy Hennig,33
6,Beste Designerin,Communitypicks,2020-03-13T06:46:32.570Z,2020-03-21T00:12:54.215Z,98,1711,25,216,3852,47,Jenny Pankratz,6,Roberta Williams,16,Jane Jensen,5,Anna Anthropy,1,Christine Love,2,Nina Freeman,2,Jade Raymond,8,Lori Cole,1,Lorelei Shannon,0,Christy Marx,0,Rebecca Heineman,1,Kitty Horrorshow,5,Alyssa Finley,0,Emilia Schatz,0,Jane McGonigal,0,Auriea Harvey,0,Lizzy Magie,0
7,Bestes Strategiespiel,Finale,2020-08-22T07:25:01.954Z,2020-09-21T11:23:54.804Z,149,2663,22,375,7893,93,Civilization 2,50,XCOM 2,43
7,Bestes Strategiespiel,Halbfinale,2020-08-08T12:15:54.903Z,2020-08-19T10:57:04.694Z,91,2246,22,252,4336,93,XCOM 2,50,Stellaris,43
7,Bestes Strategiespiel,Halbfinale,2020-08-08T12:15:54.903Z,2020-08-19T10:57:04.694Z,91,2246,22,252,4336,94,Die Siedler 2,37,Civilization 2,57
7,Bestes Strategiespiel,Viertelfinale,2020-07-31T18:45:34.557Z,2020-08-03T11:45:55.077Z,38,719,14,109,2028,18,Stellaris,10,Jagged Alliance 2,8
7,Bestes Strategiespiel,Viertelfinale,2020-07-31T18:22:15.573Z,2020-08-02T14:11:56.609Z,13,543,8,40,593,51,Die Siedler 2,27,Age of Empires 2,24
7,Bestes Strategiespiel,Viertelfinale,2020-07-31T18:36:44.164Z,2020-07-31T18:36:44.287Z,1,353,1,0,20,52,XCOM 2,26,Anno 1800,26
7,Bestes Strategiespiel,Viertelfinale,2020-07-31T18:05:20.124Z,2020-07-31T18:12:57.884Z,4,325,3,1,28,17,Plants vs. Zombies,6,Civilization 2,11
7,Bestes Strategiespiel,Achtelfinale,2020-07-10T07:19:37.678Z,2020-07-29T17:37:32.061Z,129,2170,26,207,4796,88,Jagged Alliance 2,45,Heroes of Might and Magic 3,43
7,Bestes Strategiespiel,Achtelfinale,2020-06-18T04:47:16.874Z,2020-06-26T12:50:57.767Z,139,2105,25,227,6001,83,Total War: Empire,24,Anno 1800,59
7,Bestes Strategiespiel,Achtelfinale,2020-06-04T06:42:15.829Z,2020-06-16T18:52:19.020Z,121,2415,25,322,4728,93,Warcraft 3: The Frozen Throne,40,Civilization 2,53
7,Bestes Strategiespiel,Achtelfinale,2020-05-15T15:40:08.088Z,2020-06-06T15:53:59.922Z,296,3087,30,456,16332,102,Die Siedler 2,60,Starcraft: Brood War,42
7,Bestes Strategiespiel,Achtelfinale,2020-05-28T13:51:01.542Z,2020-06-06T12:39:58.676Z,240,2994,27,586,10777,98,Homeworld,46,Plants vs. Zombies,52
7,Bestes Strategiespiel,Achtelfinale,2020-05-08T06:22:36.365Z,2020-05-15T23:31:35.823Z,232,3014,29,402,17304,87,Age of Empires 2,57,Mount and Blade: Warband,30
7,Bestes Strategiespiel,Achtelfinale,2020-07-03T06:27:27.316Z,2020-11-24T07:46:53.930Z,74,1835,22,164,2516,77,BattleTech,29,XCOM 2,48
7,Bestes Strategiespiel,Achtelfinale,2020-06-26T12:55:31.423Z,2020-07-01T19:05:51.098Z,42,1130,18,81,2331,75,Dawn of War 2,27,Stellaris,48
8,Bester NPC,Finale,2021-04-03T07:40:24.832Z,2021-04-12T15:25:35.272Z,105,1258,19,279,5206,62,Stan (Monkey Island),36,Patches (Dark Souls),26
8,Bester NPC,Halbfinale,2021-04-02T18:22:26.605Z,2021-04-02T20:59:11.038Z,16,266,8,29,534,15,Patches (Dark Souls),8,Der Esel aus Dungeon Siege,7
8,Bester NPC,Halbfinale,2021-04-02T17:42:32.135Z,2021-04-02T18:22:26.608Z,2,208,2,1,36,16,Murray (Monkey Island 3),6,Stan (Monkey Island),10
8,Bester NPC,Viertelfinale,2021-03-12T09:11:27.175Z,2021-03-24T21:08:08.078Z,86,1157,22,222,3672,68,Patches (Dark Souls),38,Repo-man (The Sims),30
8,Bester NPC,Viertelfinale,2021-02-26T07:41:40.719Z,2021-03-09T20:53:54.684Z,173,1856,33,506,6338,76,Boo (Baldurs Gate 2),37,Der Esel aus Dungeon Siege,39
8,Bester NPC,Viertelfinale,2021-02-20T08:09:15.249Z,2021-02-26T08:51:57.772Z,53,876,19,109,2120,70,Garrus (Mass Effect),27,Stan (Monkey Island),43
8,Bester NPC,Viertelfinale,2021-01-23T09:05:06.975Z,2021-02-01T10:47:14.236Z,208,1581,29,567,11740,97,Frida (Skyrim),47,Murray (Monkey Island 3),50
8,Bester NPC,Community-Picks,2021-02-12T12:08:40.515Z,2021-03-09T15:08:08.660Z,159,1894,30,397,6771,95,Joker (Arkham Asylum),2,Jaheira (Baldurs Gate),2,Elizabeth (Bioshock Infinite),6,Clabtrap (Borderlands),2,Wissenschaftsberater (Civilization V),1,Schnecke (Commander Keen 4),0,Skippy (Cyberpunk 2077),0,Panam (Cyberpunk 2077),2,Jackie Welles (Cyberpunk 2077),2,Judy Alvarez (Cyberpunk 2077),5,Patches (Dark Souls),21,Hank Anderson (Detroit: Become human),0,Dekard Cain (Diablo),2,Repo-Man (die Sims),20,Kim Kitsuragi (Disco Elysium),10,Cuno (Disco Elysium),3,Harold (Fallout),1,Junge aus Kühlschrank (Fallout 4),8,Mr. House (Fallout New Vegas),0,Sephiroth (FF7),2,Fin Bartels (Football Manager),2,Sindri (God of War),1,Mud (Gothic),7,Glottis (Grim Fandango),4,Brucie Kibbutz (GTA 4),0,G-Man (Half-Life),2,Zeus (Immortals Fenyx Rising),0,Elliot (Jagged Alliance 2),4,Ratpouch (Lure of the Temptress),0,Hamster (Maniac Mansion),2,Space-Hamster (Mass Effect),1,Grimoir Noir (Nier),2,Pascal (Nier: Automata),1,Lucien Lachance (Oblivion),1,Clippy (Office 97),5,Parvati (Outer Worlds),1,Clyde (Pac-man),0,Einhar (Path of Exile),1,Deppie Dave (Plants vs. Zombies),0,GLaDOS (Portal),19,Weighted Companion Cube (Portal),8,Händler (Resident Evil 4),3,Tom Johnson (Shenmue 2),1,Shriv (Star Wars Battlefront 2),0,Dina (the Last of us Part 2),1,Clementine (the Walking Dead S1),4,blutiger Baron (the Witcher 3),3,Sigismund Dijkstra (the Witcher 3),0,Gaunter O’Dimm (the Witcher 3),4,Berater aus Theme Hospital (Theme Hospital),1,BT (Titanfall 2),2,Penultimo (Tropico),1,Elena Fisher (Uncharted),3,Chloe Frazer (Uncharted),0,Sans (Undertale),1,Papyrus (Undertale),1,Majima Goro (Yakuza),5,Navi (Zelda Ocarina of Time),3,Midna (Zelda Twilight Princess),0
9,Bestes Gamesbundesland,Finale,2021-11-20T20:10:33.769Z,2021-11-24T09:31:37.560Z,25,381,11,41,960,51,Berlin,28,Rheinland-Pfalz,23
9,Bestes Gamesbundesland,Halfinale,2021-11-11T10:09:32.566Z,2021-11-19T13:45:02.758Z,46,538,14,89,1797,45,Hamburg,20,Berlin,25
9,Bestes Gamesbundesland,Halfinale,2021-11-11T10:23:15.851Z,2021-11-14T15:22:49.062Z,29,349,10,16,897,40,Rheinland-Pfalz,25,Hessen,15
9,Bestes Gamesbundesland,Viertelfinale,2021-11-10T19:19:37.810Z,2021-11-10T22:27:48.517Z,3,151,3,3,45,17,Berlin,11,Saarland,6
9,Bestes Gamesbundesland,Viertelfinale,2021-11-10T19:32:21.934Z,2021-11-10T22:04:18.824Z,3,153,3,3,37,13,Rheinland-Pfalz,7,Niedersachsen,6
9,Bestes Gamesbundesland,Viertelfinale,2021-11-10T19:45:16.101Z,2021-11-10T19:49:58.307Z,3,141,3,2,40,12,Bayern,4,Hessen,8
9,Bestes Gamesbundesland,Viertelfinale,2021-11-10T18:53:17.641Z,2021-11-10T18:53:17.754Z,1,113,1,1,12,23,Meck-Pomm,9,Hamburg,14
9,Bestes Gamesbundesland,Achtelfinale,2021-11-07T08:15:58.820Z,2021-11-10T14:53:33.446Z,38,410,12,72,1411,51,Thüringen,23,Hessen,28
9,Bestes Gamesbundesland,Achtelfinale,2021-11-02T07:00:42.681Z,2021-11-08T18:37:14.612Z,176,1002,25,530,8813,63,Bayern,32,Schleswig-Holstein,31
9,Bestes Gamesbundesland,Achtelfinale,2021-10-22T06:42:11.331Z,2021-11-03T20:05:32.653Z,23,476,12,90,566,53,Brandenburg,17,Niedersachsen,36
9,Bestes Gamesbundesland,Achtelfinale,2021-10-07T05:50:38.882Z,2021-11-01T00:15:36.507Z,48,958,24,171,3017,67,Rheinland-Pfalz,41,Baden-Württemberg,26
9,Bestes Gamesbundesland,Achtelfinale,2021-09-24T07:52:22.819Z,2021-10-18T18:25:03.428Z,32,607,15,140,1596,64,Saarland,40,Bremen,24
9,Bestes Gamesbundesland,Achtelfinale,2021-09-09T12:31:58.654Z,2021-09-16T11:28:23.890Z,37,646,13,122,916,55,Sachsen-Anhalt,23,Berlin,32
9,Bestes Gamesbundesland,Achtelfinale,2021-08-28T06:37:36.126Z,2021-09-04T09:01:10.757Z,36,780,19,124,1631,62,Sachsen,15,Hamburg,47
9,Bestes Gamesbundesland,Achtelfinale,2021-08-20T05:55:30.362Z,2021-08-28T11:53:19.166Z,93,1274,26,435,4328,75,NRW,37,Meck-Pomm,38
9,Bestes Gamesbundesland,Bonus,2021-11-16T20:44:16.032Z,2021-11-19T23:11:37.971Z,52,543,16,149,2022,51,Schweiz,25,Österreich,26
10,Beste Rollenspiel aller Zeiten,Achtelfinale,2021-12-16T09:45:25.338Z,2021-12-23T19:45:07.647Z,165,1526,36,690,7570,105,Baldurs Gate 2,54,The Elder Scrolls III: Morrowind,51
10,Beste Rollenspiel aller Zeiten,Achtelfinale,2021-12-23T07:01:40.970Z,2022-01-28T18:02:47.803Z,14,386,10,40,370,52,Fallout: New Vegas,40,Candy Box 2,12
10,Beste Rollenspiel aller Zeiten,Community Umfrage,2021-12-23T20:15:46.027Z,2022-01-16T19:23:27.405Z,64,893,20,144,3360,76,Alpha Protocol,3,Arcanum,6,Baldurs Gate 2,10,Caves of Qud,3,Crusaider Kings 2,9,Cyberpunk 2077,13,Dark Messiah of Might and Magic,4,Darkest Dungeon,10,Das schwarze Auge: Drakensang,6,Diablo 2,10,Doom RPG,2,Dragon Age: Origins,18,Dragon Quest VII,1,Dragon Quest VIII,2,Dungeon Crawl Stone Soup,2,Dungeon Master,6,ELEX,12,Elite Dangerous,5,Escape from Tarkov,2,Eve Online,2,Fable,5,Fable 3,6,Fallout 2,9,Final Fantasy 7,12,Final Fantasy: Mystic Quest,3,Game of Thrones,1,Gothic,16,Gothic 2,23,Greedfall,1,Guild Wars 1,4,Harvest Moon,2,Illusion of Time,3,Kingdom Come Deliverance,11,Kingdoms of Amalur: Reckoning,1,Legend of Grimrock,8,Legend of Heroes Trails to Azure,3,Lufia,4,Mass Effect 2,25,Might & Magic 5: Worlds of Xeen,4,Might & Magic 6: The Mandate of Heaven,4,Might & Magic 7: For Blood and Honor,0,Mount and Blade,4,Nethack,4,Nier Automata,6,Paper Mario,4,Persona 4: Golden,6,Persona 5: Royal,12,Pillars of Eternity: Deadfire,8,Planescape Torment,17,Pokemon Gelb,11,Pokemon Sun,1,Red Dead Redemption 2,9,Risen 2,2,Secret of Mana,10,Shadowrun: Dragonfall,6,Silver,4,Sims 4,5,Star Wars: Knights of the Old Republic,21,System Shock,4,Terranigma,9,The Chronicles of Spellborn,1,The Elder Scrolls IV: Oblivion,4,The Elder Scrolls V: Skyrim,21,The Witcher 1,5,Tibia,1,Two Worlds,0,Tyranny,5,Ultima IX,1,Ultima Underworld,3,Undertale,5,We Are Football,6,Wild Arms 5,1,Wildstar,1,Witcher 3,23,Wizardry 7,4,World of Aden: Thunderscape,0,World of Warcraft,9,Xenoblade Chronicles II,3,Zelda: A Link to the Past,14
,Bonusfolgen,Geilste Gaming-Aktie,2019-09-19T13:33:10.280Z,2021-09-07T11:33:35.590Z,140,3812,30,258,7484,45,CD Projekt,8,Take Two,2,Activision Blizzard,2,EA,1,Ubisoft,5,Konami,1,Sega,5,Nintendo,11,Capcom,3,Square Enix,0,Paradox Interactive,5,THQ Nordic,2
,Bonusfolgen,Beste Fehlwertung,2021-07-15T08:13:47.789Z,2021-07-21T16:23:04.328Z,56,928,20,157,3164,70,Planescape Torment / 82 (Gamestar),4,Gothic 3 / 84 (Gamestar),8,Gothic 3 / 68 (4Players),3,"Dragon Age Inquisition / 9,5 (Gamersglobal)",37,Ultima 9 / 92 (Gamestar),8,FIFA 06 / 85 (Gamestar),2,Goodbye Deponia / 91 (Gamestar),8
,Bonusfolgen,Wird das geil? Die E3-Edition,2021-06-16T06:21:45.568Z,2021-07-01T08:44:51.963Z,44,687,22,93,2050,53,Elden Ring,9,Battlefield 2042,5,Jurassic World Evolution 2,1,Two Point Campus,3,Starfield,11,Atomic Heart,0,Mario Rabbids 2,2,Elex 2,13,Rocksmith 2,3,Guardians of the galaxy,2,Forza Horizon 5,4,Redfall,0
,Bonusfolgen,Beste Kneipe!,2021-05-20T06:30:32.272Z,2021-06-19T14:57:49.697Z,149,1522,22,259,5590,59,Wing Commander Bar / Wing Commander,9,Bar 100 Rad / Stalker,5,The Pelican Inn / Uncharted 3,5,Scumm Bar / Monkey Island,14,Afterlife / Mass Effect 2,10,De Stier / Call of Duty Black Ops: Cold War,0,The Hive / Deus Ex: Mankind Divided,3,El Coyote Cojo / Cyberpunk 2077,11,Joeyray’s Bar / Starcraft 2,2
,Bonusfolgen,Bestes JRPG für Normies!,2021-05-13T06:36:53.787Z,2021-05-21T21:54:43.375Z,13,596,12,13,399,58,Yakuza 7,20,Final Fantasy 7 Remake,7,Persona 5,10,Ni No Kuni,8,Octopath Traveller,6,Dragon Quest XI,6,Atelier Ryza: Ever Darkness & the Secret Hideout,1,Ys IX: Monstrum Nox,0
,Bonusfolgen,Was ist dümmer? Cyberpunk 2077 eine 9.6 geben - oder zu wenig Impfstoff bestellen?,2020-12-16T09:39:13.749Z,2021-01-16T08:43:33.080Z,113,1621,20,352,4755,60,"Cyberpunk 2077 eine 9,6 geben",20,zu wenig Impfstoff bestellen,40
,Bonusfolgen,Das nervigste Wort im deutschen Spielejournalismus,2020-11-20T06:26:25.509Z,2020-12-30T17:32:00.988Z,72,1722,25,237,2821,67,Versoftung,9,Reinrassiges …,8,Manier,3,Spieleschmiede,4,Otto-Normal-Spieler,7,Traditionelle … Kost,1,„lässt Grüßen“,14,Hakelig,0,„Ich freue mich drauf“,3,„Wir durfen als erstes…“,12,Spannend,6,Stück Software,0
,Bonusfolgen,Beste The Sims-Erweiterung,2020-11-26T08:47:42.578Z,2020-12-23T09:39:07.364Z,93,1457,26,185,4087,55,Das volle Leben,1,Party ohne Ende,0,Hot Date,5,Urlaub total,0,Tierisch gut drauf,2,Megastar,1,Hokus Pokus,3,Wilde Campus-Jahre,3,Nightlife,0,Open for Business,3,Haustiere,10,Vier Jahreszeiten,4,Gute Reise,0,Freizeit-Spaß,0,Apartment-Leben,0,Weihnachts-Pack,0,Family Fun-Accessoires,0,Glamour-Accessoires,0,Weihnachtszeit-Accessoires,0,Party!-Accessoires,0,H&M Fashion-Accessoires,2,Teen Style-Accessoires,0,Küchen- und Bad-Einrichtungs-Accessoires,1,IKEA Home-Accessoires,0,Villen- und Garten-Accessoires,0,Weihnachtszeit-Minipack,1,Reiseabenteuer,0,Traumkarrieren,0,Late Night,0,Lebensfreude,0,Einfach Tierisch,1,Showtime,0,Supernatural,0,Jahreszeiten,0,Wildes Studentenleben,0,Inselparadies,1,Into the Future,0,Luxus-Accessoires,0,Gib Gas-Accessoires,0,Design-Garten-Accessoires,0,Stadt-Accessoires,0,Traumsuite-Accessoires,0,Katy Perry Süße Welt,1,Diesel-Accessoires,0,"70er, 80er & 90er-Accessoires",0,Movie-Accessoires,0,An die Arbeit!,1,Zeit für Freunde,0,Großstadtleben,0,Hunde & Katzen,1,Jahreszeiten (Sims 4),0,Werde berühmt,0,Inselleben,0,An die Uni,0,Nachhaltig leben,0,Outdoor-Leben,0,Wellness-Tag,0,Gaumenfreuden,0,Vampire,0,Elternfreuden,0,Dschungel-Abenteuer,0,StrangerVille,1,Reich der Magie,0,Star Wars: Reise nach Batuu,1,Luxus-Party Accessoires,0,Sonnenterrassen Accessoires,0,Coole Küchen Accessoires,0,Grusel Accessoires,0,Heimkino Accessoires,0,Romantische Garten Accessoires,0,Kinderzimmer Accessoires,0,Gartenspaß Accessoires,0,Vintage-Glamour Accessoires,0,Bowling-Abend Accessoires,0,Fitness Accessoires,0,Kleinkind Accessoires,0,Waschtag Accessoires,10,Mein erstes Haustier-Accessoires,0,Moschino-Accessoires,0,Tiny Houses-Accessoires,0,Schick mit Strick-Accessoires,2
,Bonusfolgen,Beste Cyberpunk 2077-Rezension,2020-12-10T07:19:44.241Z,2020-12-14T18:53:00.274Z,82,1243,15,156,7267,36,Gamestar,10,Polygon,11,VG247,0,Golem,2,4Players,13
,Bonusfolgen,Bester Flop?,2020-10-29T07:18:54.573Z,2020-11-07T21:34:05.998Z,82,1273,25,77,5896,85,XIII,7,No one lives forever,16,Shenmenü,3,Grim Fandango,14,Conker’s Bad Fur Day,4,Tyranny,5,Psychonauts,5,Tron 2.0,2,Pillars of Eternity 2,15,Star Wars Battlefront 2,5,Blur,9
,Bonusfolgen,Bestes Gaming-Abo?,2019-08-02T05:30:44.944Z,2020-11-06T14:14:34.522Z,60,1919,19,76,4496,45,Xbox Game Pass,18,Playstation Now,0,EA Access,1,Uplay+,0,Humble Monthly,10,Nintendo Switch Online,0,"keiner von denen, ihr Lollos!",16
,Bonusfolgen,Geilste Gaming-Aktie Oktober 2020,2020-10-19T05:45:19.552Z,2020-10-21T09:48:18.881Z,10,514,7,15,876,37,Nintendo,7,CD Projekt (aktuelle Community-Aktie),3,Paradox Interactive,5,Sega,1,Ubisoft,2,Capcom,1,Activision Blizzard,1,THQ Nordic,9,Take Two,0,EA,0,Konami,0,Square Enix,0,Tekla Healthcare,8
,Bonusfolgen,Das ungerechteste Spiel,2020-02-06T05:42:45.698Z,2020-02-17T15:02:44.025Z,115,1539,15,108,7069,42,Getting Over It with Bennett Foddy,9,Kaizo Mario World,13,Lose/Lose,11,Hi-Octane,9
,Bonusfolgen,Was ist das beste Podcastspiel?,2020-02-03T05:18:56.831Z,2020-02-05T21:44:53.697Z,31,836,12,52,1631,32,Civilization 6,6,No Man’s Sky,4,Computer Tycoon,0,NGU,1,The Division,4,Football Tactics & Glory,5,Diablo 3,12
,Bonusfolgen,Was ist der beste Wald?,2020-01-17T06:54:17.342Z,2020-02-01T22:28:25.287Z,130,2015,28,252,5876,74,Kokiri Forest (The Legend of Zelda: Ocarina of Time),3,The Secret of Monkey Island,7,The Path,1,Firewatch,20,Far Cry 1,0,Red Dead Redemption 2,11,DSA: Drakensang,10,Kingdom Come Deliverance,22
,Bonusfolgen,So werden die 20er Jahre! (ganz bestimmt),2020-01-03T03:27:47.764Z,2020-02-01T22:05:23.976Z,12,627,9,27,632,45,Das neue Gothic wird ein Riesenerfolg,1,Formel 1 wird von VR-Drohnenrennen der rang abgelaufen,2,PC-Spiele werden Ende der 20er auf ihrem Zenit sein,2,CD Projekt wird gekauft und schlechte Spiele machen,2,Prozedurale Generierung + KI wird die Kreativität der Entwickler entfesseln,3,Gamestreaming wird kommen. Aber anders als wir denken,10,Epic Games wird innerhalb der nächsten 3 Jahre gekauft,1,"in den 20er Jahren wird es einen Skandal geben, weil ein Programmierer unter Drogen-Einfluss ein Hotelzimmer zerlegt",2,Augmented Reality-Federball wird ein neuer Trend-Sport,0,Ein digitales Spiel wird Star Wars retten,0,Die eSport-Blase platzt,4,Jörg Langer wird uns mit einer weiteren erfolgreichen Computerspiel-Publikation überraschen,13,Steam wird zum Myspace der der Spiele-Kultur,5
,Bonusfolgen,Deutschestes Spiel?,2020-01-25T15:16:28.836Z,2020-01-29T21:28:52.470Z,66,1318,23,106,3962,71,Journey,1,Ertragsbesteuerung für Kapitalgesellschaften,29,Der Planer,35,Factorio,5,Crisis Theory,1
,Bonusfolgen,Bestes Besäufnis in einem Computerspiel?,2019-11-30T12:55:27.083Z,2019-12-19T13:55:42.342Z,78,1436,20,204,3119,57,The Witcher 3,21,Red Dead Redemption 2,13,Wing Commander 3,11,Kingdom Come Deliverance,12
,Bonusfolgen,Bester Charakter-Editor,2019-12-05T07:32:13.492Z,2019-12-10T10:17:47.109Z,20,1664,13,21,872,52,Dragon Age: Origins,25,Mii,27
,Bonusfolgen,Wer ist der Rollenspiel-Messias? Disco Elysium oder The Outer Worlds,2019-10-25T21:51:25.735Z,2019-11-13T04:22:39.492Z,67,2412,20,132,2988,36,Disco Elysium,21,The Outer Worlds,15
,Bonusfolgen,Bestes Kater-Spiel,2019-09-26T06:20:49.734Z,2019-10-07T12:55:20.557Z,37,1292,15,89,1475,44,Adventure Capitalist,10,Diablo 3,19,Pro Evolution Soccer,5,Factorio,10
,Bonusfolgen,Lost Levels vs. Indie Fresse,2019-07-17T05:47:59.783Z,2019-07-19T11:11:44.112Z,21,1208,9,52,809,27,Star Citizen (Dennis Kogel),14,PUBG (Daniel Ziegener),13
,Bonusfolgen,Wer hat die E3 gewonnen?,2019-06-12T16:57:43.910Z,2019-06-15T12:33:00.895Z,33,1152,17,67,1117,50,“Helen”,3,Keanu,17,Das Publikum von Bethesda,4,Ikumi Nakamura,13,Künstliche Intelligenz,7,Menschliche NPCs,0,Und täglich grüßt das Murmeltier,4,“Don’t you guys have phones?”,2,AMD,0
,Bonusfolgen,Freundschaftsspiel: Bestes Fußballspiel aller Zeiten?,2019-04-03T04:16:52.516Z,2019-06-08T20:43:23.874Z,26,1394,15,41,2709,24,Fifa 98,9,Fifa 2017,3,Rocket League,6,Pro Evo 5,6
,Bonusfolgen,Was ist geiler? Fallout 76 oder Anthem?,2019-02-26T05:15:12.444Z,2019-03-01T20:53:23.961Z,9,606,8,12,496,21,Anthem,7,Fallout 76,14
,Bonusfolgen,Beste Gamescom-Halle,2019-08-21T04:33:29.546Z,2019-08-23T18:43:19.038Z,18,799,11,40,810,20,Halle 9,2,Halle 10.2,12,Halle 7,3,Halle 6,3
,Bonusfolgen,Crossover: Der NPC als Meme,2021-02-10T09:27:02.201Z,2021-02-28T15:26:03.053Z,19,604,11,37,1240,17,Love,0,Lose,17
,Wer hat den Gürtel,Januar 2022,2022-02-02T05:25:54.624Z,2022-02-11T22:18:50.374Z,125,814,26,323,5918,93,The Gunk (Gürtelträger),5,Not For Broadcast,9,Soviet Republic: Workers and Ressources,24,The Anacrusis,0,Windjammers 2,8,Pokémon Legenden: Arceus,13,Rainbow Six Extraction,4,Nobody saves the world,16,Expeditions: Rome,9,Heaven Dust 2,0,Rescue Party: Live!,0,Aery - Dreamscape,0,Supraland Six Inches Under,0,Blackwind,0,Pupperazzi,4,Gravity Chase,0,Broken Ranks,0,Cogen: Sword of Rewind,0,Rugby 22,1
,Wer hat den Gürtel,Gürtel der Herzen 2021,2022-01-14T09:08:06.976Z,2022-01-30T00:31:10.617Z,32,483,12,47,1286,71,Gunfire Reborne,9,Skul: The Hero Slayer,2,Dreamscaper,2,HighFleet,0,The eternal cylinder,8,Escape Simulator,1,Unpacking,45,Rogue Heroes: Ruins of Tasos,1,Ziggurat 2,3
,Wer hat den Gürtel,Jahresgürtel 2021,2022-01-14T06:00:00.689Z,2022-01-30T00:31:46.604Z,65,696,20,98,3570,110,Hitman 3,14,It Takes Two,28,We are Football,19,Psychonauts 2,8,Kena: Bridges of Spirit,3,Inscryption,22,Forza Horizon 5,11,The Gunk,5
,Wer hat den Gürtel,Dezember 2021,2022-01-06T11:39:03.644Z,2022-01-11T21:51:03.314Z,41,699,25,125,1472,84,Forza Horizon 5 (Gürtelträger),21,Halo: Infinite,8,Solar Ash,0,Asterix & Obelix: Slap Them All!,11,Anvil,0,Chorus,6,White Shadows,1,Wytchwood,1,Gear Club Unlimited 2,0,The Gunk,25,Five Nights at Freddy’s: Security Breach,0,Mission in Snowdriftland,0,Mechajammer,0,Icarus,1,Syberia: The World Before,0,Shadow Tactics: Blades of the Shogun - Aiko’s Choice,7,Praey for the Gods,1,This Is the President,2
,Wer hat den Gürtel,November 2021,2021-12-03T07:28:08.296Z,2021-12-21T09:03:15.540Z,108,1302,28,348,5623,121,Inscryption (Gürtelträger),29,Call of Duty Vanguard,0,Battlefield 2042,3,Football Manager 2022,3,Landwirtschafts-Simulator 22,10,Forza Horizon 5,40,Jurassic World Evolution 2,3,Among Trees,0,Bright Memory: Infinite,1,Epic Chef,1,Treasures of the Aegean,0,Punk Wars,0,Alchemic Cutie,0,Surviving the Aftermath,6,Ruined King: A League of Legends Story,4,Sherlock Holmes: Chapter One,5,Grow: Song of the Evertree,1,Marsupilami: Hoobadventure,0,The Last Stand: Aftermath,0,Tunche,0,Time Loader,0,Demon Turf,1,Tram Sim Munich,2,Where Cards Fall,0,MXGP 2021,0,Propnight,0,Just Dance 2022,1,Shin Megami Tensei 5,4,Pokémon Strahlender Diamant & Leuchtende Perle,5,Conway: Disappearance at Dahlia View,0,Mobile Suit Gundam: Battle Operation Code Fairy,2,DEEEER Simulator: Your Average Everyday Deer Game,0,Hextech Mayhem: A League of Legends Story,0
,Wer hat den Gürtel,Oktober 2021,2021-10-29T06:17:59.866Z,2021-11-24T09:59:06.755Z,66,1106,20,109,2262,98,KENA: Bridge of Spirits (Gürtelträger),4,Far Cry 6,4,Age of Empires IV,25,Metroid Dread,12,FIFA 22,1,Inscryption,25,Disciples: Liberation,1,Gloomhaven,10,Marvel’s Guardians of the Galaxy,10,Succubus,0,Jett: The Far Shore,0,Vagrus: The Riven Realms,0,The Lightbringer,0,Back 4 Blood,0,The Riftbreaker,2,Chasing Static,0,The Alien Cube,0,The Jackbox Party Pack 8,0,The Good Life,0,Into the Pit,0,Youtubers Life 2,0,This Land is My Land,1,Echo Generation,0,NHL 22,0,The Dark Pictures Anthology: House of Ashes,0,Moonglow Bay,0,Die Schlümpfe - Mission Blattpest,3,Riders Republic,0,Mario Party Superstars,0,Astria Acending,0
,Wer hat den Gürtel,September 2021,2021-09-29T05:37:29.085Z,2021-10-29T07:01:14.584Z,317,3031,33,971,12149,133,Psychonauts 2 (Gürtelträger),7,Lake,0,Kitaria Fables,0,Pathfinder: Wrath of the Righteous,11,Golf Club: Wasteland,1,Encased: A Sci-Fi Post-Apocalyptic RPG,1,Bus Simulator 21,24,F.I.S.T.: Forged in Shadow Torch,1,The Artful Escape,1,Arboria,0,Dice Legacy,1,NBA 2K22,0,Tales of Arise,4,Lost in Random,1,Life is Strange: True Colors,8,WarioWare: Get It Together!,0,Deathloop,14,Eastward,1,Gamedec,0,I Am Fish,0,Severed Steel,0,Tails of Iron,0,Aragami 2,0,TOEM,0,Sheltered 2,0,Kena: Bridge of Spirits,32,The Plane Effect,0,Medieval Dynasty,4,Embr,0,Sable,2,Lost Judgment,3,New World,6,Away: The Survival Series,0,Lemnis Gate,1,In Sound Mind,1,Elyon,0,A Juggler’s Tale,0,Astria Ascending,0,Hot Wheels Unleashed,4,eFootball (PES),0,The amazing american circus,5,Honey I Joined a Cult (Kampfgewicht),0
,Wer hat den Gürtel,August 2021,2021-09-05T08:11:58.082Z,2021-09-08T19:30:37.299Z,22,714,17,38,1050,98,We are Football (Gürtelträger),8,Humankind,25,Psychonauts 2,37,Twelve Minutes,6,King’s Bounty 2,0,Boyfriend Dungeon,0,Axiom Verge 2,3,Road 96,4,Grime,0,The Ramp,0,Dodgeball Academia,2,Haven Park,0,Jupiter Hell,1,City of Gangsters,0,Button City,1,Carrier Command 2,3,Black Book,0,Patron,0,Lawn Mowing Simulator,1,Fire Tonight,0,The Plane Effect,0,Naraka: Bladepoint,0,Foreclosed,0,Greak: Memories of Azur,0,RiMS Racing,0,Recompile,0,Madden NFL 22,0,Hoa,1,I Expect You To Die 2: The Spy and the Liar,0,Aliens: Fireteam Elite,0,Comanche,1,Townscaper,2,Baldo: The Guardian Owls,0,No More Heroes 3,0,Rustler,2,KeyWe,1,Song of Iron,0,Monster Harvest,0,Beyond Mankind: The Awakening,0
,Wer hat den Gürtel,Juli 2021,2021-07-30T07:30:34.495Z,2021-08-26T20:51:31.334Z,30,1074,17,64,1275,93,We Are Football (Gürtelträger),22,Monster Hunter Stories 2: Wings of Ruin,0,Cris Tales,1,Melvor Idle (Kampfgewicht),3,Last Stop,2,The Forgotten City,16,Death’s Door,10,UBOAT (Kampfgewicht),9,The Great Ace Attorney Chronicles,3,Unbound: Worlds Apart,0,Pokémon Unite,1,Chernobylite,4,Lost at Sea,0,NEO: The World Ends With You,2,The Origin: Blind Maid,0,Boomerang X,0,Highrisers,0,F1 2021,2,Hell Let Loose,0,Samurai Warriors 5,0,Warhammer 40.000: Battlesector,2,Orcs Must Die! 3,7,Tribes of Midgard,0,Omno,2,The Ascent,7,Eldest Souls,0
,Wer hat den Gürtel,Juni 2021,2021-06-30T07:04:38.198Z,2021-07-28T20:08:40.575Z,180,2310,29,666,5878,130,It Takes Two (Gürtelträger),10,Necromunda: Hired Gun,3,Operation: Tango,1,Chivalry 2,2,Backbone,1,We Are Football,45,Open Country,0,Guilty Gear Strive,2,The Red Solstice 2: Survivors,0,Dungeons & Dragons: Dark Alliance,1,Olympische Spiele Tokyo 2020,2,Alex Kidd in Miracle World DX,0,Scarlet Nexus,0,Stonefly,0,Ratchet & Clank: Rift Apart,41,Nintendo Spielestudio,0,Mario Golf: Super Rush,5,Griftlands,5,Minute of Island,4,Wildermyth,5,Roguebook,3
,Wer hat den Gürtel,Mai 2021,2021-05-30T09:00:07.932Z,2021-06-21T04:59:14.892Z,52,1191,22,86,2754,88,It Takes Two (Gürtelträger),25,Resident Evil: Village,20,Resident Evil Re:Verse,0,Hood: Outlaws & Legends,1,Retro Machina,0,Lacuna - A Sci-Fi Noir Adventure,4,The Wild at Heart,1,Knockout City,0,King of Seas,3,Biomutant,7,Warhammer Age of Sigmar: Storm Ground,0,Warhammer 40.000: Battlesector,1,Miitopia,1,Realpolitiks 2,1,Base One,1,Subnautica: Below Zero,17,The Wild at heart,1,Just die already,0,Imagine Earth,1,Iron Harvest: Operation Eagle,4
,Wer hat den Gürtel,April 2021,2021-05-02T08:33:52.305Z,2021-05-11T07:39:17.319Z,81,1090,21,89,4490,81,It Takes Two (Gürtelträger),35,Outriders,9,Lost Words: Beyond the Page,2,Oddworld: Soulstorm,2,Enlisted,1,Cozy Grove,0,Buildings Have Feelings Too!,7,Returnal,17,New Pokémon Snap,5,Before Your Eyes,0,Fantasian,3
,Wer hat den Gürtel,März 2021,2021-04-02T07:47:42.286Z,2021-04-21T05:23:12.678Z,87,1764,30,145,3201,98,Hitman 3 (Gürtelträger),9,Maquette,0,Loop Hero,9,Stronghold Warlords,0,Mundaun,5,Endzone - A World Apart,0,Spacebase Startopia,0,Balan Wonderworld,0,It Takes Two,38,Way To The Woods,0,Evil Genius 2: World Domination,1,Monster Hunter Rise,8,Mr. Prepper,0,Paradise Lost,0,Genesis Noir,1,Narita Boy,2,Dorfromantik,25
,Wer hat den Gürtel,Februar 2021,2021-03-03T07:25:20.163Z,2021-03-08T16:47:47.699Z,167,1580,26,198,8867,99,Hitman 3 (Gürtelträger),25,Little Nightmares 2,9,Super Mario 3D World + Bowser’s Fury,14,Curse of the Dead Gods,5,Valheim,21,Persona 5 Strikers,7,Bravely Default 2,2,Werewolf: The Apocalypse - Earthblood,4,Nebuchadnezzar,7,Destruction AllStars,0,Habroxia 2,0,Blue Fire,0,Speed Limit,0,Shattered - Tale of the Forgotten King,0,Taxi Chaos,1,Ghosts 'n Goblins Resurrection,1,Field of Glory 2: Medieval,1,Earth Analog,2
,Wer hat den Gürtel,Jahresgürtel 2020,2021-02-01T06:29:48.272Z,2021-02-25T08:17:30.605Z,267,2719,31,531,11430,124,Half-Life: Alyx,4,Cloudpunk,1,Monster Train,4,The Last of Us Part 2,9,Ghost of Tsushima,7,Microsoft Flight Simulator,13,Hades,44,Cyberpunk 2077,42
,Wer hat den Gürtel,Januar 2021,2021-02-01T06:24:44.184Z,2021-02-23T09:36:05.928Z,140,2127,23,269,6235,118,Cyberpunk 2077 (Gürtelträger),36,Hitman 3,51,Redout: Space Assault,0,Sword of the Necromancer,1,The Medium,7,Gods Will Fall,2,Ride 4,0,Cyber Shadow,2,Olija,2,Disjunction,0,Curious Expedition 2,7,Ryte - The Eye of Atlantis,0,Dyson Sphere Program,10
,Wer hat den Gürtel,Dezember 2020,2021-01-04T07:35:29.235Z,2021-01-26T21:15:34.827Z,451,3902,35,1067,31422,143,Hades (Titelverteidiger),59,Suzerain,2,Empire of Sin,0,Chronos: Before the Ashes,0,Per Aspera,2,Immortals Fenyx Rising,12,Call of the Sea,1,Cyberpunk 2077,59,Medal of Honor: Above and Beyond,1,Airborne Kingdom,0,Override 2: Super Mech League,0,Project Wingman,1,Haven,4,Twin Mirror,0,Super Meat Boy Forever,2
,Wer hat den Gürtel,November 2020,2020-12-02T06:52:33.337Z,2020-12-20T22:47:41.672Z,83,1399,25,177,3369,104,Hades (Gürtelträger),33,Dirt 5,1,Yakuza: Like a Dragon,10,Assassin’s Creed Valhalla,18,Fuser,1,Godfall,0,The Pathless,2,Bugsnax,1,Call of Duty Black Ops: Cold War,4,Football Manager 2021,8,Marvel’s Spider-Man Miles Morales,3,Sackboy: A Big Adventure,0,Astro’s Playroom,9,Demon’s Souls Remake,12,Hyrule Warriors: Zeit der Verheerung,1,Xuan-Yuan Sword 7,0,Amazing Cultivation Simulator,1
,Wer hat den Gürtel,Oktober 2020,2020-11-02T07:29:20.460Z,2020-11-26T06:42:57.806Z,47,1420,21,89,2315,90,Hades (Gürtelträger),38,Crash Bandicoot 4: It’s about Time,1,Star Wars: Squadrons,10,FIFA 21,4,The Survivalists,1,Remothered: Broken Porcelain,0,Torchlight 3,0,Mario Kart Live: Home Circuit,1,Ghostrunner,5,Watch Dogs Legion,4,The Dark Pictures Anthology: Little Hope,1,Starpoint Gemini 3,0,Partisans 1941,2,Leisure Suit Larry: Wet Dreams Dry Twice,19,I Am Dead,1,Ride 4,0,Foregone,0,Airplane Mode,0,Aquanox: Deep Descent,0,Drone Swarm,0,The Red Lantern,0,Pumpkin Jack,0,Transformers: Battlegrounds,0,Amnesia: Rebirth,3
,Wer hat den Gürtel,Dürfen Remakes in WHDG?,2020-10-01T09:25:51.396Z,2020-11-24T18:32:39.898Z,32,1044,16,81,1082,34,"ja, bitte!",27,"nein, geh mir weg damit!",7
,Wer hat den Gürtel,November 2019,2019-12-02T12:58:07.436Z,2020-11-14T14:24:02.121Z,91,1683,23,62,2820,101,Disco Elysium (Titelverteidiger),38,Planet Zoo,4,Star Wars Jedi: Fallen Order,25,Need for Speed Heat,0,Shenmue 3,4,Football Manager 2020,2,Lost Ember,2,Death Stranding,16,Pokémon Schwert & Schild,10
,Wer hat den Gürtel,September 2020,2020-10-02T06:38:04.981Z,2020-11-02T05:35:12.252Z,221,3356,33,605,8747,106,Champion: Microsoft Flight Simulator,8,Mafia: Definitive Edition,4,Tony Hawks Pro Skater 1+2,7,Iron Harvest,6,Crusader Kings 3,33,Marvel’s Avengers,0,Spelunky 2,3,Hades,41,Hot Shot Racing,0,Inertial Drift,0,Ary and the Secret of Seasons,0,NBA 2K21,0,WRC 9,0,Necromunda: Underhive Wars,0,Star Renegades,0,Port Royale 4,2,Space Crew,0,Spellbreak,0,Spinch,0,eFootball PES 2021,1,Unrailed!,0,Going Under,0,Squad,1,Kirby Fighters 2,0
,Wer hat den Gürtel,August 2020,2020-09-02T06:40:12.093Z,2020-10-01T12:03:27.336Z,155,2497,28,307,7969,106,Ghost of Tshushima (Gürtelträger),10,Fall Guys: Ultimate Knockout,8,Battletoads,0,Factorio,14,Microsoft Flight Simulator,30,Spiritfarer,8,PGA Tour 2K21,0,Tell Me Why,2,Wasteland 3,29,Serious Sam 4,0,Troy: A Total War Saga,0,Fight Crab,1,Mortal Shell,1,Road to Guangdong,0,Raji: An Ancient Epic,0,The Last Campfire,0,Captain Tsubasa: Rise of New Champions,0,No Straight Roads,1,Relicta,0,Skully,0,Fast & Furious Crossroads,0,Company of Crime,0,Hellbound,0,Risk of Rain 2,1,Surgeon Simulator 2,0,Windbound: Brave the Storm,1,Hyper Scape,0,Project Cars 3,0
,Wer hat den Gürtel,Juli 2020,2020-08-03T06:58:22.165Z,2020-08-31T20:35:45.900Z,59,1785,25,131,1629,88,The Last of Us 2 (Titelverteidiger),19,Ghost of Tsushima,33,Röki,2,Carrion,10,Neon Abyss,3,Deadly Premonition 2: A Blessing in Disguise,0,Paper Mario: The Origami King,3,Track Mania (F2P Reboot),9,Good Sudoku,2,Maid of Sker,1,Hellpoint,0,The Wind Road,0,F1 2020,0,Story of Seasons: Friends of Mineral Town,0,Skater XL,0,Beyond a Steel Sky,6
,Wer hat den Gürtel,Wer hat den (wahren) Gürtel? Juni 2020,2020-07-01T05:55:31.293Z,2020-07-31T17:51:56.827Z,103,1929,23,274,2476,99,SpongeBob SquarePants: Battle for Bikini Bottom – Rehydrated,27,Desperados 3,33,Disintegration,0,The last of us - Part 2,29,Golf on Mars,3,Griftlands,0,Valorant,1,Beyond Blue,2,Monster Train (Titelverteidiger),4
,Wer hat den Gürtel,Juni 2020,2020-07-01T06:50:19.873Z,2020-07-03T20:28:09.751Z,90,1582,27,133,4157,88,Monster Train (Titelverteidiger),4,Valorant,4,Beyond Blue,1,Desperados 3,34,Disintegration,1,Griftlands,2,The Last of Us Part 2,38,Golf on Mars,4
,Wer hat den Gürtel,Mai 2020,2020-06-03T06:14:55.291Z,2020-07-03T14:49:21.589Z,242,3106,27,402,10136,108,Cloudpunk (neuer Champion),31,Maneater,12,Deep Rock Galactic,10,Crucible,0,Minecraft: Dungeons,7,Virtua Verse,5,Monster Train,32,Them’s Fightin’ Herds,11
,Wer hat den Gürtel,April 2020,2020-05-03T07:09:22.980Z,2020-06-03T07:52:28.896Z,264,4622,33,366,13142,119,Half-Life: Alyx (Titelverteidiger),24,Final Fantasy 7 Remake,29,Resident Evil 3 Remake,1,Cloudpunk,30,Gears Tactics,18,XCOM Chimera Squad,5,Streets of Rage 4,12
,Wer hat den Gürtel,März 2020,2020-04-03T05:53:55.620Z,2020-05-13T19:42:59.180Z,461,5626,42,938,21922,123,Disco Elysium (Titelverteidiger),35,Ori and the Will of the Wisps,13,CoD: Warzone,1,Doom Eternal,6,Nioh 2,1,"Yes, Your Grace",1,Animal Crossing: New Horizons,20,Half-Life: Alyx,38,The Longing,1,Mount & Blade II (Early Access),7
,Wer hat den Gürtel,April/Mai 2019,2019-06-17T05:51:13.121Z,2020-04-30T06:36:00.201Z,79,2199,21,153,2460,65,Slay the Spire (Titelverteidiger),11,Anno 1800,19,Days Gone,6,A Plague Tale: Innocence,8,Rage 2,1,Total War: Three Kingdoms,5,Conan Unconquered,0,Draugen,2,Outer Wilds,13
,Wer hat den Gürtel,Februar 2020,2020-03-08T07:34:22.748Z,2020-04-06T07:44:11.885Z,149,2691,28,241,5597,98,Disco Elysium (Titelverteidiger),41,Zombie Army 4: Dead War,5,The Dark Crystal: Age of Resistance Tactics,0,LUNA The Shadow Dust,1,Wolcen: Lords of Mayhem,8,The Suicide of Rachel Foster,1,Dota Underlords,1,Dreams,37,Corruption 2029,4
,Wer hat den Gürtel,Jahresgürtel 2019,2020-02-19T07:55:50.328Z,2020-02-25T08:14:05.255Z,106,1775,18,182,3993,95,Slay the Spire,18,Anno 1800,10,Fire Emblem: Three Houses,5,Control,19,Untitled Goose Game,8,Disco Elysium,35
,Wer hat den Gürtel,Januar 2020,2020-02-09T09:05:21.806Z,2020-02-20T08:59:00.707Z,108,2199,21,159,2254,107,Disco Elysium (Titelverteidiger),39,The Walking Dead: Saints & Sinners,2,Through the Darkest of Times,27,Dragon Ball Z: Kakarot,1,Journey to the Savage Planet,21,Frank Rieger: Gefährliche Menschen,4,Temtem,10,Here be Dragons,3
,Wer hat den Gürtel,Dezember 2019,2020-01-12T12:20:51.673Z,2020-02-01T20:48:07.434Z,81,1731,22,160,2940,89,Disco Elysium (Titelverteidiger),58,Phoenix Point,3,Darksiders Genesis,7,Mosaic,3,Arise: A Simple Story,1,Transport Fever 2,11,Wattam,3,Open world: the open world game,3
,Wer hat den Gürtel,Oktober 2019,2019-11-06T10:31:36.554Z,2019-11-30T11:36:58.393Z,85,2138,30,149,3099,114,Warsaw,1,Ghost Recon: Breakpoint,0,John Wick Hex,0,Lonely Mountains: Downhill,3,The Outer Worlds,25,Call of Duty: Modern Warfare,5,Afterparty,2,Concrete Genie,1,Luigi’s Mansion 3,13,Disco Elysium,58,Untitled Goose Game (Titelverteidiger),6
,Wer hat den Gürtel,September 2019,2019-10-02T03:51:06.568Z,2019-11-15T03:05:13.233Z,333,4577,33,568,15362,120,Gears 5,5,GreedFall,5,Blasphemous,3,eFootball PES 2020,5,FIFA 20,1,Borderlands 3,9,Kind Words,1,Football Drama,0,Mutazione,2,Untitled Goose Game,36,The Surge 2,10,Fantasy General 2,11,Code Vein,0,Control (Titelverteidiger),32
,Wer hat den Gürtel,August 2019,2019-09-12T04:14:26.333Z,2019-09-27T13:17:35.810Z,106,2284,21,208,5459,65,Age of Wonders: Planetfall,9,Rebel Galaxy Outlaw,3,Telling Lies,4,Control,31,Ancestors: The Humankind Odyssey,1,Hunt: Showdown,2,The Dark Pictures: Man of Medan,2,Erica,1,Blair Witch,0,Astral Chain,9,Fire Emblem: Three Houses (Titelverteidiger),3
,Wer hat den Gürtel,Juli 2019,2019-08-01T05:55:04.819Z,2019-09-05T08:05:18.720Z,84,2430,19,223,5441,66,Sea of Solitude,10,Field of Glory: Empires,1,Blazing Chrome,4,Dragon Quest Builders 2,11,Etherborn,2,Marvel Ultimate Alliance 3: The Black Order,1,Wolfenstein: Youngblood,4,Wolfenstein: CyberPilot,0,Fire Emblem: Three Houses,18,Anno 1800 (Titelverteidiger),15
,Wer hat den Gürtel,Juni 2019,2019-07-04T06:24:45.260Z,2019-07-11T15:51:33.279Z,46,1465,16,78,2873,70,Anno 1800,16,Warhammer Chaosbane,0,Bloodstained: Ritual of the Night,4,They Are Billions,9,Cadence of Hyrule,9,My Friend Pedro,5,Crash Team Racing Nitro-Fueled,2,Judgement,9,The Sinking City,5,Super Mario Maker 2,11
,Wer hat den Gürtel,März 2019,2019-04-12T05:45:17.142Z,2019-05-02T20:21:11.513Z,20,1355,12,15,809,49,Slay the Spire (Titelverteidiger),19,Devil May Cry 5,2,Trüberbrook,2,Tropico 6,12,Ape Out,14,Sekiro: Shadows Die Twice,14,The Division 2,9,We. The Revolution,12,Yoshi’s Crafted World,8,Baba is you,15,Hypnospace Outlaw,4
,Wer hat den Gürtel,Februar 2019,2019-03-07T21:16:05.932Z,2019-03-23T06:31:52.184Z,16,1106,12,11,942,32,Ace Combat 7: Skies Unknown,1,Resident Evil 2,2,Wargroove,6,Metro Exodus,8,Far Cry: New Dawn,0,Anthem,1,Kingdom Hearts III,1,Slay the Spire,10,Apex Legends,9,Sunless Skies,5,Steins; Gate Elite,1,Astroneer,1
,Superleague/Top5,Das Spielejahr 2009,2021-10-13T18:57:52.055Z,2021-10-22T11:25:03.412Z,22,458,10,69,897,62,"Alt (The Saboteur, Flower, Angry Birds, AaaaaAAaaaAAAaaAAAAaAAAAA!!!, Left 4 Dead 2)",14,"Schiffer (The Path, Plants vs. Zombies, Galaxy on Fire 2, Call of Duty: MW2, Stalker)",18,"Community (Risen, Sims 3, Doodle Jump, King’s Bounty: Armored Princess, Dead Space Extraction)",20,"Daniel (League of Legends, Anno 1404, Flight Control, Resident Evil 5, Silent Hille: Shattered Memories)",10
,Superleague/Top5,Das Spielejahr 2006,2021-08-06T09:36:54.924Z,2021-08-18T15:56:19.745Z,62,1040,21,197,3166,77,"Alt (Schlacht um Mittelerde 2, NBA 2K6, Beer Tycoon, Bully, Wii Mote, Fight Night)",11,"Daniel (Lego Star Wars II, Guitar Hero 2, Gothic 3, Just Cause, Gravity Gun aus Half-Life 2, Trackmania)",47,"Schiffer (DTM Race Driver, LocoRoco, Anno 1701, Oblivion, Attentäter aus Medieval 2, Wii Sports)",19
,Superleague/Top5,Das Spielejahr 2001,2021-07-08T07:29:10.239Z,2021-07-23T18:41:42.040Z,97,1237,26,265,4137,89,"Schiffer (Geneforge, Black & White, Fußballmanager 2002, Desperados, Tony Hawk 3, Dune)",27,"Daniel (Anachronox, MGS 2, Virtua Tennis 2, Painstation, Sonic Adventure 2, Rogue Leader)",10,"Alt (Startopia, Max Payne, Unreal Tournament, Gothic, Phoenix Wright, Medicoper 117)",52
,Superleague/Top5,Das Spielejahr 2011,2021-06-10T06:07:36.974Z,2021-07-04T15:51:06.179Z,85,1321,24,212,4921,88,"Alt (Arkham City, Dragon Age 2, Catherine, Minecraft, Rocksmith, Battlefield 3)",26,"Daniel (Portal 2, Deus Ex, Dark Souls, Binding of Isaac, Duke Nuke, Uncharted 3)",44,"Schiffer (Shogun 2, Skyrim, L.A. Noire, Bastion, Call of Juarez, Dance Central 2)",18
,Superleague/Top5,Das Spielejahr 1998,2021-04-25T07:16:44.856Z,2021-05-04T22:16:28.291Z,171,1922,34,280,10820,86,Daniel,25,Schiffer,34,Alt,27
,Superleague/Top5,"Die besten Remakes, Reboots und Remasters",2021-12-10T09:12:50.165Z,2021-12-15T22:31:05.718Z,32,614,16,55,1328,58,"Doom for Ti 83, Resident Evil 2 (2019), Wolfenstein: The New Order, Skyblivion, Leisure Suit Larry: Reloaded",12,"God of War (2018), Metroid: Samus Returns, Fahrenheit: Indigo Prophecy Remastered, Teenage Mutant Ninja Turtles: Turtles in Time Re-Shelled, Diablo II: Resurrected",12,"Doom (2016), Tomb Raider (2013), Double Dragon II: Wander of the Dragons, Sid Meier’s Pirates!, SpongeBob SquarePants: Battle for Bikini Bottom: Rehydrated",24,"Pac-Man Championship Edition, NieR: Automata, Moorhuhn Remake, Hitman (2016), Trials of Mana (2020)",10
,Superleague/Top5,Pandemiespiele,2022-01-07T08:13:52.794Z,2022-01-17T22:17:03.820Z,22,269,11,69,859,58,"Crusader Kings 2, It Takes Two, Plague Inc, Doom Eternal, World of Warcraft",14,"Journey, The Division 2, Yoshi’s Woolly World, No Man’s Sky, Bio-Hazard Battle",8,"Dorfromantik, Dark Souls 3, State of Decay 2, Pokémon GO, Resident Evil Resistance",12,"Animal Crossing: New Horizon, Red Dead Online, The Last of Us Part II, Everybody’s Gone to the Rapture, Landwirtschafts-Simulator 22",24
